{
    "cpu_cycles_pass2_start": 14348194955489,
    "cycles_program_begin": 14300439014713,
    "MlibObjs": {},
    "perf": [
        {
            "stat": [
                "main",
                "entry",
                0.06486201286315918,
                0.092074000000000003,
                0.041944000000000002,
                219340,
                219340,
                0.0,
                0.0,
                1691312241.1317279,
                14300439512008
            ],
            "sub": [
                {
                    "stat": [
                        "doParsingAndDesignResolution",
                        "entry",
                        0.082091093063354492,
                        0.099009,
                        0.045932000000000001,
                        221800,
                        222600,
                        0.0,
                        0.0,
                        1691312241.148957,
                        14300478930401
                    ],
                    "sub": []
                },
                {
                    "stat": [
                        "doParsingAndDesignResolution",
                        "exit",
                        5.6616871356964111,
                        7.4973109999999998,
                        0.41786299999999998,
                        372960,
                        394268,
                        0.0,
                        0.0,
                        1691312246.7285531,
                        14313282272901
                    ],
                    "sub": []
                },
                {
                    "stat": [
                        "doPostDesignResolutionToVir2Vcs",
                        "entry",
                        5.8014991283416748,
                        7.6330049999999998,
                        0.42198000000000002,
                        358944,
                        394268,
                        0.0,
                        0.0,
                        1691312246.868365,
                        14313603086109
                    ],
                    "sub": [
                        {
                            "stat": [
                                "doUptoVir2VcsNoSepCleanup",
                                "entry",
                                9.0011601448059082,
                                10.801075000000001,
                                0.45162000000000002,
                                359300,
                                394268,
                                1.265846,
                                0.072014999999999996,
                                1691312250.0680261,
                                14320945315578
                            ],
                            "sub": []
                        },
                        {
                            "stat": [
                                "doUptoVir2VcsNoSepCleanup",
                                "exit",
                                19.757591962814331,
                                21.421721999999999,
                                0.526173,
                                369084,
                                394268,
                                1.28728,
                                0.10878,
                                1691312260.8244579,
                                14345627653837
                            ],
                            "sub": []
                        },
                        {
                            "stat": [
                                "doRadify_vir2vcsAll",
                                "entry",
                                19.757734060287476,
                                21.421862000000001,
                                0.52617700000000001,
                                369084,
                                394268,
                                1.28728,
                                0.10878,
                                1691312260.8246,
                                14345628037362
                            ],
                            "sub": []
                        },
                        {
                            "stat": [
                                "doRadify_vir2vcsAll",
                                "exit",
                                20.736940145492554,
                                22.381512999999998,
                                0.54568300000000003,
                                394444,
                                394444,
                                1.28728,
                                0.10878,
                                1691312261.8038061,
                                14347875207227
                            ],
                            "sub": []
                        }
                    ]
                },
                {
                    "stat": [
                        "doPostDesignResolutionToVir2Vcs",
                        "exit",
                        20.737226009368896,
                        22.381799999999998,
                        0.54568300000000003,
                        394444,
                        394444,
                        1.28728,
                        0.10878,
                        1691312261.8040919,
                        14347875540068
                    ],
                    "sub": []
                },
                {
                    "stat": [
                        "doGAToPass2",
                        "entry",
                        20.737310171127319,
                        22.381885,
                        0.54568300000000003,
                        394444,
                        394444,
                        1.28728,
                        0.10878,
                        1691312261.8041761,
                        14347875723933
                    ],
                    "sub": [
                        {
                            "stat": [
                                "DoPass2",
                                "entry",
                                20.876382112503052,
                                22.451279,
                                0.54893599999999998,
                                389252,
                                394444,
                                1.327075,
                                0.13607900000000001,
                                1691312261.943248,
                                14348194927705
                            ],
                            "sub": []
                        },
                        {
                            "stat": [
                                "DoPass2",
                                "exit",
                                37.076486110687256,
                                38.408352000000001,
                                0.78360200000000002,
                                391220,
                                394444,
                                1.327075,
                                0.13607900000000001,
                                1691312278.143352,
                                14385368708430
                            ],
                            "sub": []
                        }
                    ]
                },
                {
                    "stat": [
                        "doGAToPass2",
                        "exit",
                        37.119704008102417,
                        38.448374000000001,
                        0.78678499999999996,
                        391220,
                        394444,
                        1.327075,
                        0.13607900000000001,
                        1691312278.1865699,
                        14385467872182
                    ],